code,name,sector
AEFES,,
AGHOL,,
AKBNK,,
AKSA,,
AKSEN,,
ALARK,,
ALFAS,,
ARCLK,,
ASELS,,
ASTOR,,
BIMAS,,
BRSAN,,
BRYAT,,
CCOLA,,
CIMSA,,
CWENE,,
DOAS,,
DOHOL,,
ECILC,,
EGEEN,,
EKGYO,,
ENJSA,,
ENKAI,,
EREGL,,
EUPWR,,
FROTO,,
GARAN,,
GESAN,,
GUBRF,,
HALKB,,
HEKTS,,
ISCTR,,
ISMEN,,
KCHOL,,
KONTR,,
KOZAA,,
KOZAL,,
KRDMD,,
MAVI,,
MGROS,,
MIATK,,
ODAS,,
OTKAR,,
OYAKC,,
PETKM,,
PGSUS,,
SAHOL,,
SASA,,
SISE,,
SKBNK,,
SMRTG,,
SOKM,,
TAVHL,,
TCELL,,
THYAO,,
TKFEN,,
TOASO,,
TSKB,,
TTKOM,,
TUPRS,,
ULKER,,
VAKBN,,
VESTL,,
YKBNK,,
